<?xml version="1.0" encoding="UTF-8" standalone="yes"?>
<addon id="plugin.totalsettings" name="TotalXBMC Maintenance" version="1.0.0" provider-name="whufclee">
  <requires>
    <import addon="xbmc.python" version="2.1.0"/>
    <import addon="plugin.program.totalinstaller"/>
    <import addon="plugin.program.vpnicity"/>
    <import addon="plugin.program.super.favourites"/>
    <import addon="script.tvguidedixie"/>
    <import addon="plugin.video.whufclee"/>
    <import addon="repository.spoyser"/>
    <import addon="repository.Dixie-Deans-XBMC-Repo"/>
    <import addon="script.games.rom.collection.browser"/>
  </requires>
  <extension point="xbmc.python.pluginsource" library="default.py">
        <provides>executable</provides>
  </extension>
  <extension point="xbmc.addon.metadata">
    <summary lang="en"></summary>
    <description lang="en"></description>
    <platform>all</platform>
    <language>en</language>
    <license>GNU GENERAL PUBLIC LICENSE. Version 2, June 1991</license>
    <forum></forum>
    <website></website>
    <source></source>
    <email></email>
  </extension>
</addon>