<?xml version="1.0" encoding="UTF-8" standalone="yes"?>
<addon id="plugin.totalsettings" name="TotalXBMC Maintenance" version="1.0.0" provider-name="whufclee">
  <requires>
    <import addon="xbmc.python" version="2.1.0"/>
    <import addon="plugin.program.totalinstaller" version="1.0.6"/>
    <import addon="plugin.program.vpnicity" version="1.0.2"/>
    <import addon="plugin.program.super.favourites" version="1.0.20"/>
    <import addon="script.tvguidedixie" version="2.3.2"/>
    <import addon="plugin.video.whufclee" version="1.0.5"/>
    <import addon="repository.spoyser" version="1.0.6"/>
    <import addon="repository.Dixie-Deans-XBMC-Repo" version="1.0.9"/>
    <import addon="script.games.rom.collection.browser" version="2.0.17"/>
  </requires>
  <extension point="xbmc.python.pluginsource" library="default.py">
        <provides>executable</provides>
  </extension>
  <extension point="xbmc.addon.metadata">
    <summary lang="en"></summary>
    <description lang="en"></description>
    <platform>all</platform>
    <language>en</language>
    <license>GNU GENERAL PUBLIC LICENSE. Version 2, June 1991</license>
    <forum></forum>
    <website></website>
    <source></source>
    <email></email>
  </extension>
</addon>