<?xml version="1.0" encoding="UTF-8"?>
<addon
  id="skin.total.revolution"
  version="0.2.2"
  name="Total Revolution"
  provider-name="Jezz_X, Team XBMC, whufclee">
  <requires>
    <import addon="xbmc.gui" version="5.0.0"/>
    <import addon="script.globalsearch" version="2.0.8"/>	
    <import addon="plugin.totalsettings" version="1.0.0"/>
  </requires>
  <extension
    point="xbmc.gui.skin"
    defaultthemename="textures.xbt"
    debugging="false"
    effectslowdown="0.75">
    <res width="1280" height="720" aspect="16:9" default="true" folder="720p" />
  </extension>
  <extension point="xbmc.addon.metadata">
    <summary>A mod on the original Confluence by Jezz_X</summary>
    <description>Total Revolution is a skin designed for absolute ease of use and a will hopefully serve as a base for community development. Features never seen integrated into skins before this also has the ability to integrate android apps into XBMC/Kodi. Whilst this was originally designed with Android in mind it has grown and is fully functional on all other platforms.</description>
    <platform>all</platform>
  </extension>
</addon>
