<?xml version="1.0" encoding="UTF-8"?>
<window>
	<defaultcontrol always="true">9000</defaultcontrol>
	<controls>
		<include>CommonBackground</include>
		<control type="image">
			<left>0</left>
			<top>100r</top>
			<width>1280</width>
			<height>100</height>
			<texture>floor.png</texture>
			<include>VisibleFadeEffect</include>
		</control>
		<control type="image">
			<description>Section header image</description>
			<left>20</left>
			<top>3</top>
			<width>35</width>
			<height>35</height>
			<aspectratio>keep</aspectratio>
			<texture>icon_system.png</texture>
		</control>
		<control type="grouplist">
			<left>65</left>
			<top>5</top>
			<width>1000</width>
			<height>30</height>
			<orientation>horizontal</orientation>
			<align>left</align>
			<itemgap>5</itemgap>
			<control type="label">
				<include>WindowTitleCommons</include>
				<label>$LOCALIZE[20077]</label>
			</control>
			<control type="label">
				<include>WindowTitleCommons</include>
				<label>[COLOR=blue] - [/COLOR]$INFO[Container.FolderName]</label>
				<visible>!IsEmpty(Container.FolderName)</visible>
			</control>
		</control>
		<control type="group">
			<left>90</left>
			<top>30</top>
			<animation type="WindowOpen" reversible="false">
				<effect type="zoom" start="80" end="100" center="640,360" easing="out" tween="back" time="300"/>
				<effect type="fade" start="0" end="100" time="300"/>
			</animation>
			<animation type="WindowClose" reversible="false">
				<effect type="zoom" start="100" end="80" center="640,360" easing="in" tween="back" time="300"/>
				<effect type="fade" start="100" end="0" time="300"/>
			</animation>
			<control type="image">
				<left>5</left>
				<top>5</top>
				<width>1090</width>
				<height>630</height>
				<texture border="15">ContentPanel.png</texture>
			</control>
			<control type="image">
				<left>5</left>
				<top>625</top>
				<width>1090</width>
				<height>64</height>
				<texture border="15">ContentPanelMirror.png</texture>
			</control>
			<control type="button">
				<description>Close Window button</description>
				<left>980</left>
				<top>11</top>
				<width>64</width>
				<height>32</height>
				<label>-</label>
				<font>-</font>
				<onclick>PreviousMenu</onclick>
				<texturefocus>DialogCloseButton-focus.png</texturefocus>
				<texturenofocus>DialogCloseButton.png</texturenofocus>
				<onleft>1</onleft>
				<onright>1</onright>
				<onup>1</onup>
				<ondown>1</ondown>
				<visible>system.getbool(input.enablemouse)</visible>
			</control>
			<control type="image">
				<description>LOGO</description>
				<left>30</left>
				<top>15</top>
				<width>220</width>
				<height>80</height>
				<aspectratio>keep</aspectratio>
				<texture>revolution_logo.png</texture>
			</control>
			<control type="list" id="9000">
				<left>10</left>
				<top>90</top>
				<width>260</width>
				<height>481</height>
				<onleft>9010</onleft>
				<onright>9010</onright>
				<onup>9000</onup>
				<ondown>9000</ondown>
				<pagecontrol>-</pagecontrol>
				<scrolltime>300</scrolltime>
				<itemlayout height="80" width="260">
					<control type="image">
						<left>0</left>
						<top>0</top>
						<width>260</width>
						<height>81</height>
						<texture border="5">MenuItemNF.png</texture>
					</control>
					<control type="label">
						<left>250</left>
						<top>15</top>
						<width>380</width>
						<height>25</height>
						<font>font24_title</font>
						<textcolor>grey3</textcolor>
						<align>right</align>
						<aligny>center</aligny>
						<label>$INFO[ListItem.Label]</label>
					</control>
					<control type="label">
						<left>250</left>
						<top>42</top>
						<width>870</width>
						<height>25</height>
						<font>font13</font>
						<textcolor>grey2</textcolor>
						<align>right</align>
						<aligny>center</aligny>
						<label>$INFO[ListItem.Label2]</label>
					</control>
				</itemlayout>
				<focusedlayout height="80" width="260">
					<control type="image">
						<left>0</left>
						<top>0</top>
						<width>260</width>
						<height>81</height>
						<texture border="5">MenuItemFO.png</texture>
						<animation effect="fade" start="100" end="30" time="100" condition="!Control.HasFocus(9000)">Conditional</animation>
					</control>
					<control type="label">
						<left>250</left>
						<top>15</top>
						<width>380</width>
						<height>25</height>
						<font>font24_title</font>
						<textcolor>white</textcolor>
						<align>right</align>
						<aligny>center</aligny>
						<label>$INFO[ListItem.Label]</label>
					</control>
					<control type="label">
						<left>250</left>
						<top>42</top>
						<width>870</width>
						<height>25</height>
						<font>font13</font>
						<textcolor>grey2</textcolor>
						<align>right</align>
						<aligny>center</aligny>
						<label>$INFO[ListItem.Label2]</label>
					</control>
				</focusedlayout>
				<content>
					<item id="1">
						<label>128</label>
						<label2>5</label2>
						<onclick>noop</onclick>
					</item>
					<item id="6">
						<label>TotalXBMC</label>
						<label2>Home Theme</label2>
						<onclick>noop</onclick>
					</item>
					<item id="2">
						<label>513</label>
						<label2>31112</label2>
						<onclick>noop</onclick>
					</item>
					<item id="3">
						<label>31102</label>
						<label2>31112</label2>
						<onclick>noop</onclick>
					</item>
					<item id="4">
						<visible>condition="System.Platform.Android"</visible>
						<label>31963</label>
						<label2>31200</label2>
						<onclick>noop</onclick>
					</item>
					<item id="5">
						<label>Super Favourites</label>
						<label2>31200</label2>
						<onclick>noop</onclick>
					</item>
				</content>
			</control>
			<control type="image">
				<left>268</left>
				<top>10</top>
				<width>790</width>
				<height>618</height>
				<texture border="5">black-back2.png</texture>
			</control>
			<control type="image">
				<left>268</left>
				<top>10</top>
				<width>790</width>
				<height>52</height>
				<texture>dialogheader.png</texture>
			</control>
			<control type="label">
				<description>header label</description>
				<left>300</left>
				<top>20</top>
				<width>726</width>
				<height>30</height>
				<font>font16</font>
				<label>$LOCALIZE[20077] - $INFO[Container(9000).ListItem.Label]</label>
				<align>center</align>
				<aligny>center</aligny>
				<textcolor>white</textcolor>
				<shadowcolor>black</shadowcolor>
			</control>
			<control type="group" id="9010">
				<control type="grouplist" id="9001">
					<visible>Container(9000).Hasfocus(1)</visible>
					<left>290</left>
					<top>60</top>
					<width>750</width>
					<height>530</height>
					<itemgap>-1</itemgap>
					<pagecontrol>60</pagecontrol>
					<onleft>9000</onleft>
					<onright>60</onright>
					<onup>9001</onup>
					<ondown>9001</ondown>
					<control type="label" id="99">
						<width>750</width>
						<height>45</height>
						<font>font13_title</font>
						<label>31130</label>
						<textcolor>blue</textcolor>
						<shadowcolor>black</shadowcolor>
						<align>left</align>
						<aligny>center</aligny>
					</control>
						<control type="button" id="455">
							<width>750</width>
							<height>40</height>
							<font>font13</font>
							<label>$LOCALIZE[31132]</label>
							<label2>[COLOR=selected]$INFO[system.addontitle(Skin.String(LyricScript_Path))][/COLOR]</label2>
							<textcolor>grey2</textcolor>
							<focusedcolor>white</focusedcolor>
							<texturefocus>MenuItemFO.png</texturefocus>
							<texturenofocus>MenuItemNF.png</texturenofocus>
							<onclick>Skin.SetAddon(LyricScript_Path,xbmc.python.lyrics)</onclick>
						</control>
						<control type="button" id="456">
							<width>750</width>
							<height>40</height>
							<font>font13</font>
							<label>- $LOCALIZE[24020]</label>
							<textcolor>grey2</textcolor>
							<focusedcolor>white</focusedcolor>
							<texturefocus>MenuItemFO.png</texturefocus>
							<texturenofocus>MenuItemNF.png</texturenofocus>
							<enable>!IsEmpty(Skin.String(LyricScript_Path))</enable>
							<onclick>Addon.OpenSettings($INFO[Skin.String(LyricScript_Path)])</onclick>
						</control>					
					<control type="label" id="100">
						<width>750</width>
						<height>45</height>
						<font>font13_title</font>
						<label>31106</label>
						<textcolor>blue</textcolor>
						<shadowcolor>black</shadowcolor>
						<align>left</align>
						<aligny>center</aligny>
					</control>
					<control type="radiobutton" id="101">
						<width>750</width>
						<height>40</height>
						<font>font13</font>
						<label>20189</label>
						<textcolor>grey2</textcolor>
						<focusedcolor>white</focusedcolor>
						<texturefocus>MenuItemFO.png</texturefocus>
						<texturenofocus>MenuItemNF.png</texturenofocus>
						<onclick>Skin.ToggleSetting(AutoScroll)</onclick>
						<selected>Skin.HasSetting(AutoScroll)</selected>
					</control>
					<control type="radiobutton" id="102">
						<width>750</width>
						<height>40</height>
						<font>font13</font>
						<label>31103</label>
						<textcolor>grey2</textcolor>
						<focusedcolor>white</focusedcolor>
						<texturefocus>MenuItemFO.png</texturefocus>
						<texturenofocus>MenuItemNF.png</texturenofocus>
						<onclick>Skin.ToggleSetting(Show_SlideShow_Paused)</onclick>
						<selected>!Skin.HasSetting(Show_SlideShow_Paused)</selected>
					</control>
					<control type="radiobutton" id="112">
						<width>750</width>
						<height>40</height>
						<font>font13</font>
						<label>31104</label>
						<textcolor>grey2</textcolor>
						<focusedcolor>white</focusedcolor>
						<texturefocus>MenuItemFO.png</texturefocus>
						<texturenofocus>MenuItemNF.png</texturenofocus>
						<onclick>Skin.ToggleSetting(WindowedTrailer)</onclick>
						<selected>Skin.HasSetting(WindowedTrailer)</selected>
					</control>
					<control type="radiobutton" id="113">
						<width>750</width>
						<height>40</height>
						<font>font13</font>
						<label>31107</label>
						<textcolor>grey2</textcolor>
						<focusedcolor>white</focusedcolor>
						<texturefocus>MenuItemFO.png</texturefocus>
						<texturenofocus>MenuItemNF.png</texturenofocus>
						<onclick>Skin.ToggleSetting(HideFilenameFlagging)</onclick>
						<selected>Skin.HasSetting(HideFilenameFlagging)</selected>
					</control>
					<control type="label" id="104">
						<width>750</width>
						<height>45</height>
						<font>font13_title</font>
						<label>20343</label>
						<textcolor>blue</textcolor>
						<shadowcolor>black</shadowcolor>
						<align>left</align>
						<aligny>center</aligny>
						<visible>System.HasAddon(script.tvtunes)</visible>
					</control>
					<control type="radiobutton" id="115">
						<width>750</width>
						<height>40</height>
						<font>font13</font>
						<label>31126</label>
						<textcolor>grey2</textcolor>
						<focusedcolor>white</focusedcolor>
						<texturefocus>MenuItemFO.png</texturefocus>
						<texturenofocus>MenuItemNF.png</texturenofocus>
						<onclick>Skin.ToggleSetting(ActivateTvTunes)</onclick>
						<selected>Skin.HasSetting(ActivateTvTunes)</selected>
						<visible>System.HasAddon(script.tvtunes)</visible>
					</control>
					<control type="label" id="106">
						<width>750</width>
						<height>45</height>
						<font>font13_title</font>
						<label>512</label>
						<textcolor>blue</textcolor>
						<shadowcolor>black</shadowcolor>
						<align>left</align>
						<aligny>center</aligny>
					</control>
					<control type="radiobutton" id="107">
						<width>750</width>
						<height>40</height>
						<font>font13</font>
						<label>21398</label>
						<textcolor>grey2</textcolor>
						<focusedcolor>white</focusedcolor>
						<texturefocus>MenuItemFO.png</texturefocus>
						<texturenofocus>MenuItemNF.png</texturenofocus>
						<onclick>Skin.ToggleSetting(Use_Startup_Playlist)</onclick>
						<selected>Skin.HasSetting(Use_Startup_Playlist)</selected>
					</control>
					<control type="button" id="108">
						<description>Startup Playlist Path</description>
						<width>750</width>
						<height>40</height>
						<font>font13</font>
						<textcolor>grey2</textcolor>
						<focusedcolor>white</focusedcolor>
						<label>15311</label>
						<label2>$INFO[Skin.String(Startup_Playlist_Path)]</label2>
						<onclick>Skin.SetFile(Startup_Playlist_Path,,special://MusicPlaylists/)</onclick>
						<texturefocus>MenuItemFO.png</texturefocus>
						<texturenofocus>MenuItemNF.png</texturenofocus>
						<enable>Skin.HasSetting(Use_Startup_Playlist)</enable>
					</control>
				</control>
				<control type="scrollbar" id="60">
					<left>1060</left>
					<top>60</top>
					<width>25</width>
					<height>530</height>
					<texturesliderbackground border="0,14,0,14">ScrollBarV.png</texturesliderbackground>
					<texturesliderbar border="0,14,0,14">ScrollBarV_bar.png</texturesliderbar>
					<texturesliderbarfocus border="0,14,0,14">ScrollBarV_bar_focus.png</texturesliderbarfocus>
					<textureslidernib>ScrollBarNib.png</textureslidernib>
					<textureslidernibfocus>ScrollBarNib.png</textureslidernibfocus>
					<onleft>9001</onleft>
					<onright>9000</onright>
					<showonepage>false</showonepage>
					<orientation>vertical</orientation>
					<visible>Container(9000).Hasfocus(1)</visible>
				</control>
				<control type="grouplist" id="9002">
					<visible>Container(9000).Hasfocus(2)</visible>
					<left>290</left>
					<top>60</top>
					<width>750</width>
					<height>530</height>
					<itemgap>-1</itemgap>
					<pagecontrol>60</pagecontrol>
					<onleft>9000</onleft>
					<onright>60</onright>
					<onup>9002</onup>
					<ondown>9002</ondown>
					<control type="label" id="200">
						<width>750</width>
						<height>45</height>
						<font>font13_title</font>
						<label>31101</label>
						<textcolor>blue</textcolor>
						<shadowcolor>black</shadowcolor>
						<align>left</align>
						<aligny>center</aligny>
					</control>
					<control type="radiobutton" id="202">
						<description>enable video info</description>
						<width>750</width>
						<height>40</height>
						<font>font13</font>
						<textcolor>grey2</textcolor>
						<focusedcolor>white</focusedcolor>
						<label>20176</label>
						<onclick>Skin.ToggleSetting(homepageVideoinfo)</onclick>
						<selected>!Skin.HasSetting(homepageVideoinfo)</selected>
						<texturefocus>MenuItemFO.png</texturefocus>
						<texturenofocus>MenuItemNF.png</texturenofocus>
					</control>
					<control type="radiobutton" id="203">
						<description>enable music info</description>
						<width>750</width>
						<height>40</height>
						<font>font13</font>
						<textcolor>grey2</textcolor>
						<focusedcolor>white</focusedcolor>
						<label>20083</label>
						<onclick>Skin.ToggleSetting(homepageMusicinfo)</onclick>
						<selected>!Skin.HasSetting(homepageMusicinfo)</selected>
						<texturefocus>MenuItemFO.png</texturefocus>
						<texturenofocus>MenuItemNF.png</texturenofocus>
					</control>
					<control type="radiobutton" id="204">
						<description>enable weather info</description>
						<width>750</width>
						<height>40</height>
						<font>font13</font>
						<textcolor>grey2</textcolor>
						<focusedcolor>white</focusedcolor>
						<label>20084</label>
						<onclick>Skin.ToggleSetting(homepageWeatherinfo)</onclick>
						<selected>Skin.HasSetting(homepageWeatherinfo)</selected>
						<texturefocus>MenuItemFO.png</texturefocus>
						<texturenofocus>MenuItemNF.png</texturenofocus>
						<visible>!IsEmpty(Weather.Plugin)</visible>
					</control>
<!--					<control type="radiobutton" id="205">
						<description>Show Recently added Video info</description>
						<width>750</width>
						<height>40</height>
						<font>font13</font>
						<textcolor>grey2</textcolor>
						<focusedcolor>white</focusedcolor>
						<label>31117</label>
						<onclick>Skin.ToggleSetting(HomepageHideRecentlyAddedVideo)</onclick>
						<selected>!Skin.HasSetting(HomepageHideRecentlyAddedVideo)</selected>
						<texturefocus>MenuItemFO.png</texturefocus>
						<texturenofocus>MenuItemNF.png</texturenofocus>
					</control>
					<control type="radiobutton" id="206">
						<description>Show Recently added info</description>
						<width>750</width>
						<height>40</height>
						<font>font13</font>
						<textcolor>grey2</textcolor>
						<focusedcolor>white</focusedcolor>
						<label>31116</label>
						<onclick>Skin.ToggleSetting(HomepageHideRecentlyAddedAlbums)</onclick>
						<selected>!Skin.HasSetting(HomepageHideRecentlyAddedAlbums)</selected>
						<texturefocus>MenuItemFO.png</texturefocus>
						<texturenofocus>MenuItemNF.png</texturenofocus>
					</control>-->
					<control type="label" id="220">
						<width>750</width>
						<height>45</height>
						<font>font13_title</font>
						<label>31108</label>
						<textcolor>blue</textcolor>
						<shadowcolor>black</shadowcolor>
						<align>left</align>
						<aligny>center</aligny>
					</control>
					<control type="radiobutton" id="221">
						<description>Hide Videos Button</description>
						<width>750</width>
						<height>40</height>
						<font>font13</font>
						<textcolor>grey2</textcolor>
						<focusedcolor>white</focusedcolor>
						<label>$LOCALIZE[31111] - $LOCALIZE[3]</label>
						<onclick>Skin.ToggleSetting(HomeMenuNoVideosButton)</onclick>
						<selected>Skin.HasSetting(HomeMenuNoVideosButton)</selected>
						<texturefocus>MenuItemFO.png</texturefocus>
						<texturenofocus>MenuItemNF.png</texturenofocus>
					</control>
					<control type="radiobutton" id="222">
						<description>Hide Movies Button</description>
						<width>750</width>
						<height>40</height>
						<font>font13</font>
						<textcolor>grey2</textcolor>
						<focusedcolor>white</focusedcolor>
						<label>$LOCALIZE[31111] - $LOCALIZE[20342] [COLOR=grey3] ($LOCALIZE[20314])[/COLOR]</label>
						<onclick>Skin.ToggleSetting(HomeMenuNoMovieButton)</onclick>
						<selected>Skin.HasSetting(HomeMenuNoMovieButton)</selected>
						<texturefocus>MenuItemFO.png</texturefocus>
						<texturenofocus>MenuItemNF.png</texturenofocus>
						<enable>Library.HasContent(Movies)</enable>
					</control>
					<control type="radiobutton" id="223">
						<description>Hide TV Shows Button</description>
						<width>750</width>
						<height>40</height>
						<font>font13</font>
						<textcolor>grey2</textcolor>
						<focusedcolor>white</focusedcolor>
						<label>$LOCALIZE[31111] - $LOCALIZE[20343] [COLOR=grey3] ($LOCALIZE[20314])[/COLOR]</label>
						<onclick>Skin.ToggleSetting(HomeMenuNoTVShowButton)</onclick>
						<selected>Skin.HasSetting(HomeMenuNoTVShowButton)</selected>
						<texturefocus>MenuItemFO.png</texturefocus>
						<texturenofocus>MenuItemNF.png</texturenofocus>
						<enable>Library.HasContent(TVShows)</enable>
					</control>
					<control type="radiobutton" id="224">
						<description>Hide Music Button</description>
						<width>750</width>
						<height>40</height>
						<font>font13</font>
						<textcolor>grey2</textcolor>
						<focusedcolor>white</focusedcolor>
						<label>$LOCALIZE[31111] - $LOCALIZE[2]</label>
						<onclick>Skin.ToggleSetting(HomeMenuNoMusicButton)</onclick>
						<selected>Skin.HasSetting(HomeMenuNoMusicButton)</selected>
						<texturefocus>MenuItemFO.png</texturefocus>
						<texturenofocus>MenuItemNF.png</texturenofocus>
					</control>
					<control type="radiobutton" id="225">
						<description>Hide Pictures Button</description>
						<width>750</width>
						<height>40</height>
						<font>font13</font>
						<textcolor>grey2</textcolor>
						<focusedcolor>white</focusedcolor>
						<label>$LOCALIZE[31111] - $LOCALIZE[1]</label>
						<onclick>Skin.ToggleSetting(HomeMenuNoPicturesButton)</onclick>
						<selected>Skin.HasSetting(HomeMenuNoPicturesButton)</selected>
						<texturefocus>MenuItemFO.png</texturefocus>
						<texturenofocus>MenuItemNF.png</texturenofocus>
					</control>
					<control type="radiobutton" id="226">
						<description>Hide Programs Button</description>
						<width>750</width>
						<height>40</height>
						<font>font13</font>
						<textcolor>grey2</textcolor>
						<focusedcolor>white</focusedcolor>
						<label>$LOCALIZE[31111] - $LOCALIZE[0]</label>
						<onclick>Skin.ToggleSetting(HomeMenuNoProgramsButton)</onclick>
						<selected>Skin.HasSetting(HomeMenuNoProgramsButton)</selected>
						<texturefocus>MenuItemFO.png</texturefocus>
						<texturenofocus>MenuItemNF.png</texturenofocus>
					</control>
					<control type="radiobutton" id="228">
						<description>Hide Weather Button</description>
						<width>750</width>
						<height>40</height>
						<font>font13</font>
						<textcolor>grey2</textcolor>
						<focusedcolor>white</focusedcolor>
						<label>$LOCALIZE[31111] - $LOCALIZE[8]</label>
						<onclick>Skin.ToggleSetting(HomeMenuNoWeatherButton)</onclick>
						<selected>Skin.HasSetting(HomeMenuNoWeatherButton)</selected>
						<texturefocus>MenuItemFO.png</texturefocus>
						<texturenofocus>MenuItemNF.png</texturenofocus>
					</control>
					<control type="radiobutton" id="229">
						<description>Hide Android Button</description>
						<width>750</width>
						<height>40</height>
						<font>font13</font>
						<textcolor>grey2</textcolor>
						<focusedcolor>white</focusedcolor>
						<label>$LOCALIZE[31111] - $LOCALIZE[31963]</label>
						<onclick>Skin.ToggleSetting(HomeMenuNoAndroidButton)</onclick>
						<selected>Skin.HasSetting(HomeMenuNoAndroidButton)</selected>
						<texturefocus>MenuItemFO.png</texturefocus>
						<texturenofocus>MenuItemNF.png</texturenofocus>
					</control>
					<control type="radiobutton" id="230">
						<description>Hide Super Favourites Button</description>
						<width>750</width>
						<height>40</height>
						<font>font13</font>
						<textcolor>grey2</textcolor>
						<focusedcolor>white</focusedcolor>
						<label>$LOCALIZE[31111] - $LOCALIZE[31966]</label>
						<onclick>Skin.ToggleSetting(HomeMenuNoFavouritesButton)</onclick>
						<selected>Skin.HasSetting(HomeMenuNoFavouritesButton)</selected>
						<texturefocus>MenuItemFO.png</texturefocus>
						<texturenofocus>MenuItemNF.png</texturenofocus>
					</control>
					<control type="radiobutton" id="231">
						<description>Hide Gaming Button</description>
						<width>750</width>
						<height>40</height>
						<font>font13</font>
						<textcolor>grey2</textcolor>
						<focusedcolor>white</focusedcolor>
						<label>$LOCALIZE[31111] - $LOCALIZE[31982]</label>
						<onclick>Skin.ToggleSetting(HomeMenuNoGamingButton)</onclick>
						<selected>Skin.HasSetting(HomeMenuNoGamingButton)</selected>
						<texturefocus>MenuItemFO.png</texturefocus>
						<texturenofocus>MenuItemNF.png</texturenofocus>
					</control>
					</control>
				<control type="scrollbar" id="60">
					<left>1060</left>
					<top>60</top>
					<width>25</width>
					<height>530</height>
					<texturesliderbackground border="0,14,0,14">ScrollBarV.png</texturesliderbackground>
					<texturesliderbar border="0,14,0,14">ScrollBarV_bar.png</texturesliderbar>
					<texturesliderbarfocus border="0,14,0,14">ScrollBarV_bar_focus.png</texturesliderbarfocus>
					<textureslidernib>ScrollBarNib.png</textureslidernib>
					<textureslidernibfocus>ScrollBarNib.png</textureslidernibfocus>
					<onleft>9002</onleft>
					<onright>9000</onright>
					<showonepage>false</showonepage>
					<orientation>vertical</orientation>
					<visible>Container(9000).Hasfocus(2)</visible>
				</control>
				<control type="grouplist" id="9003">
					<visible>Container(9000).Hasfocus(3)</visible>
					<left>290</left>
					<top>60</top>
					<width>750</width>
					<height>530</height>
					<itemgap>-1</itemgap>
					<pagecontrol>60</pagecontrol>
					<onleft>9000</onleft>
					<onright>60</onright>
					<onup>9003</onup>
					<ondown>9003</ondown>
					<control type="label" id="300">
						<width>750</width>
						<height>45</height>
						<font>font13_title</font>
						<label>31106</label>
						<textcolor>blue</textcolor>
						<shadowcolor>black</shadowcolor>
						<align>left</align>
						<aligny>center</aligny>
					</control>
					<control type="radiobutton" id="301">
						<width>750</width>
						<height>40</height>
						<font>font13</font>
						<label>31119</label>
						<textcolor>grey2</textcolor>
						<focusedcolor>white</focusedcolor>
						<texturefocus>MenuItemFO.png</texturefocus>
						<texturenofocus>MenuItemNF.png</texturenofocus>
						<onclick>Skin.ToggleSetting(HideBackGroundFanart)</onclick>
						<selected>Skin.HasSetting(HideBackGroundFanart)</selected>
					</control>
					<control type="radiobutton" id="302">
						<width>750</width>
						<height>40</height>
						<font>font13</font>
						<label>31129</label>
						<textcolor>grey2</textcolor>
						<focusedcolor>white</focusedcolor>
						<texturefocus>MenuItemFO.png</texturefocus>
						<texturenofocus>MenuItemNF.png</texturenofocus>
						<onclick>Skin.ToggleSetting(HideVisualizationFanart)</onclick>
						<selected>Skin.HasSetting(HideVisualizationFanart)</selected>
					</control>
					<control type="radiobutton" id="303">
						<width>750</width>
						<height>40</height>
						<font>font13</font>
						<label>31124</label>
						<textcolor>grey2</textcolor>
						<focusedcolor>white</focusedcolor>
						<texturefocus>MenuItemFO.png</texturefocus>
						<texturenofocus>MenuItemNF.png</texturenofocus>
						<onclick>Skin.ToggleSetting(ShowBackgroundVideo)</onclick>
						<selected>!Skin.HasSetting(ShowBackgroundVideo)</selected>
					</control>
					<control type="radiobutton" id="304">
						<width>750</width>
						<height>40</height>
						<font>font13</font>
						<label>31125</label>
						<textcolor>grey2</textcolor>
						<focusedcolor>white</focusedcolor>
						<texturefocus>MenuItemFO.png</texturefocus>
						<texturenofocus>MenuItemNF.png</texturenofocus>
						<onclick>Skin.ToggleSetting(ShowBackgroundVis)</onclick>
						<selected>!Skin.HasSetting(ShowBackgroundVis)</selected>
					</control>
<!--					<control type="label" id="310">
						<width>750</width>
						<height>45</height>
						<font>font13_title</font>
						<label>31102</label>
						<textcolor>blue</textcolor>
						<shadowcolor>black</shadowcolor>
						<align>left</align>
						<aligny>center</aligny>
					</control>
					<control type="radiobutton" id="311">
						<width>750</width>
						<height>40</height>
						<font>font13</font>
						<label>31109</label>
						<textcolor>grey2</textcolor>
						<focusedcolor>white</focusedcolor>
						<texturefocus>MenuItemFO.png</texturefocus>
						<texturenofocus>MenuItemNF.png</texturenofocus>
						<onclick>Skin.ToggleSetting(UseCustomBackground)</onclick>
						<selected>Skin.HasSetting(UseCustomBackground)</selected>
					</control>
					<control type="button" id="312">
						<width>750</width>
						<height>40</height>
						<font>font13</font>
						<label>- $LOCALIZE[31110]</label>
						<label2>[COLOR=selected]$INFO[Skin.String(CustomBackgroundPath)][/COLOR]</label2>
						<textcolor>grey2</textcolor>
						<focusedcolor>white</focusedcolor>
						<texturefocus>MenuItemFO.png</texturefocus>
						<texturenofocus>MenuItemNF.png</texturenofocus>
						<onclick>Skin.SetImage(CustomBackgroundPath)</onclick>
						<enable>Skin.HasSetting(UseCustomBackground)</enable>
					</control>-->
				</control>
				<control type="group">
					<control type="grouplist" id="9004">
						<visible>Container(9000).Hasfocus(4)</visible>
						<left>290</left>
						<top>60</top>
						<width>750</width>
						<height>530</height>
						<itemgap>-1</itemgap>
						<pagecontrol>61</pagecontrol>
						<onleft>9000</onleft>
						<onright>61</onright>
						<onup>9004</onup>
						<ondown>9004</ondown>
<!--Android shortcuts-->
						<control type="label" id="410">
							<width>750</width>
							<height>45</height>
							<font>font13_title</font>
							<label>31968</label>
							<textcolor>blue</textcolor>
							<shadowcolor>black</shadowcolor>
							<align>left</align>
							<aligny>center</aligny>
						</control>
							<control type="radiobutton" id="411">
							<description>Hide Chrome Button</description>
							<width>750</width>
							<height>40</height>
							<font>font13</font>
							<textcolor>grey2</textcolor>
							<focusedcolor>white</focusedcolor>
							<label>$LOCALIZE[31111] - $LOCALIZE[31969]</label>
							<onclick>Skin.ToggleSetting(HomeMenuNoChromeButton)</onclick>
							<selected>Skin.HasSetting(HomeMenuNoChromeButton)</selected>
							<texturefocus>MenuItemFO.png</texturefocus>
							<texturenofocus>MenuItemNF.png</texturenofocus>
						</control>
							<control type="radiobutton" id="412">
							<description>Hide Facebook Button</description>
							<width>750</width>
							<height>40</height>
							<font>font13</font>
							<textcolor>grey2</textcolor>
							<focusedcolor>white</focusedcolor>
							<label>$LOCALIZE[31111] - $LOCALIZE[31970]</label>
							<onclick>Skin.ToggleSetting(HomeMenuNoFacebookButton)</onclick>
							<selected>Skin.HasSetting(HomeMenuNoFacebookButton)</selected>
							<texturefocus>MenuItemFO.png</texturefocus>
							<texturenofocus>MenuItemNF.png</texturenofocus>
						</control>
							<control type="radiobutton" id="421">
							<description>Hide Twitter Button</description>
							<width>750</width>
							<height>40</height>
							<font>font13</font>
							<textcolor>grey2</textcolor>
							<focusedcolor>white</focusedcolor>
							<label>$LOCALIZE[31111] - $LOCALIZE[31979]</label>
							<onclick>Skin.ToggleSetting(HomeMenuNoTwitterButton)</onclick>
							<selected>Skin.HasSetting(HomeMenuNoTwitterButton)</selected>
							<texturefocus>MenuItemFO.png</texturefocus>
							<texturenofocus>MenuItemNF.png</texturenofocus>
						</control>
						<control type="radiobutton" id="413">
							<description>Hide Skype Button</description>
							<width>750</width>
							<height>40</height>
							<font>font13</font>
							<textcolor>grey2</textcolor>
							<focusedcolor>white</focusedcolor>
							<label>$LOCALIZE[31111] - $LOCALIZE[31971]</label>
							<onclick>Skin.ToggleSetting(HomeMenuNoSkypeButton)</onclick>
							<selected>Skin.HasSetting(HomeMenuNoSkypeButton)</selected>
							<texturefocus>MenuItemFO.png</texturefocus>
							<texturenofocus>MenuItemNF.png</texturenofocus>
						</control>
							<control type="radiobutton" id="414">
							<description>Hide Email Button</description>
							<width>750</width>
							<height>40</height>
							<font>font13</font>
							<textcolor>grey2</textcolor>
							<focusedcolor>white</focusedcolor>
							<label>$LOCALIZE[31111] - $LOCALIZE[31972]</label>
							<onclick>Skin.ToggleSetting(HomeMenuNoEmailButton)</onclick>
							<selected>Skin.HasSetting(HomeMenuNoEmailButton)</selected>
							<texturefocus>MenuItemFO.png</texturefocus>
							<texturenofocus>MenuItemNF.png</texturenofocus>
						</control>
							<control type="radiobutton" id="415">
							<description>Hide Gmail Button</description>
							<width>750</width>
							<height>40</height>
							<font>font13</font>
							<textcolor>grey2</textcolor>
							<focusedcolor>white</focusedcolor>
							<label>$LOCALIZE[31111] - $LOCALIZE[31973]</label>
							<onclick>Skin.ToggleSetting(HomeMenuNoGmailButton)</onclick>
							<selected>Skin.HasSetting(HomeMenuNoGmailButton)</selected>
							<texturefocus>MenuItemFO.png</texturefocus>
							<texturenofocus>MenuItemNF.png</texturenofocus>
						</control>
							<control type="radiobutton" id="416">
							<description>Hide Netflix Button</description>
							<width>750</width>
							<height>40</height>
							<font>font13</font>
							<textcolor>grey2</textcolor>
							<focusedcolor>white</focusedcolor>
							<label>$LOCALIZE[31111] - $LOCALIZE[31974]</label>
							<onclick>Skin.ToggleSetting(HomeMenuNoNetflixButton)</onclick>
							<selected>Skin.HasSetting(HomeMenuNoNetflixButton)</selected>
							<texturefocus>MenuItemFO.png</texturefocus>
							<texturenofocus>MenuItemNF.png</texturenofocus>
						</control>
							<control type="radiobutton" id="420">
							<description>Hide Youtube Button</description>
							<width>750</width>
							<height>40</height>
							<font>font13</font>
							<textcolor>grey2</textcolor>
							<focusedcolor>white</focusedcolor>
							<label>$LOCALIZE[31111] - $LOCALIZE[31978]</label>
							<onclick>Skin.ToggleSetting(HomeMenuNoYoutubeButton)</onclick>
							<selected>Skin.HasSetting(HomeMenuNoYoutubeButton)</selected>
							<texturefocus>MenuItemFO.png</texturefocus>
							<texturenofocus>MenuItemNF.png</texturenofocus>
						</control>
						<control type="radiobutton" id="417">
							<description>Hide Spotify Button</description>
							<width>750</width>
							<height>40</height>
							<font>font13</font>
							<textcolor>grey2</textcolor>
							<focusedcolor>white</focusedcolor>
							<label>$LOCALIZE[31111] - $LOCALIZE[31975]</label>
							<onclick>Skin.ToggleSetting(HomeMenuNoSpotifyButton)</onclick>
							<selected>Skin.HasSetting(HomeMenuNoSpotifyButton)</selected>
							<texturefocus>MenuItemFO.png</texturefocus>
							<texturenofocus>MenuItemNF.png</texturenofocus>
						</control>
							<control type="radiobutton" id="418">
							<description>Hide Tune-In Button</description>
							<width>750</width>
							<height>40</height>
							<font>font13</font>
							<textcolor>grey2</textcolor>
							<focusedcolor>white</focusedcolor>
							<label>$LOCALIZE[31111] - $LOCALIZE[31976]</label>
							<onclick>Skin.ToggleSetting(HomeMenuNoTuneInButton)</onclick>
							<selected>Skin.HasSetting(HomeMenuNoTuneInButton)</selected>
							<texturefocus>MenuItemFO.png</texturefocus>
							<texturenofocus>MenuItemNF.png</texturenofocus>
						</control>
							<control type="radiobutton" id="419">
							<description>Hide VEVO Button</description>
							<width>750</width>
							<height>40</height>
							<font>font13</font>
							<textcolor>grey2</textcolor>
							<focusedcolor>white</focusedcolor>
							<label>$LOCALIZE[31111] - $LOCALIZE[31977]</label>
							<onclick>Skin.ToggleSetting(HomeMenuNoVevoButton)</onclick>
							<selected>Skin.HasSetting(HomeMenuNoVevoButton)</selected>
							<texturefocus>MenuItemFO.png</texturefocus>
							<texturenofocus>MenuItemNF.png</texturenofocus>
						</control>
					</control>
				</control>
				<control type="group">
					<control type="grouplist" id="9005">
						<visible>Container(9000).Hasfocus(5)</visible>
						<left>290</left>
						<top>60</top>
						<width>750</width>
						<height>530</height>
						<itemgap>-1</itemgap>
						<pagecontrol>61</pagecontrol>
						<onleft>9000</onleft>
						<onright>61</onright>
						<onup>9005</onup>
						<ondown>9005</ondown>
<!--Super Favourites shortcuts-->
						<control type="label" id="440">
							<width>750</width>
							<height>45</height>
							<font>font13_title</font>
							<label>Super Favourites</label>
							<textcolor>blue</textcolor>
							<shadowcolor>black</shadowcolor>
							<align>left</align>
							<aligny>center</aligny>
						</control>
						<control type="radiobutton" id="441">
							<description>Hide Anime Section</description>
							<width>750</width>
							<height>40</height>
							<font>font13</font>
							<textcolor>grey2</textcolor>
							<focusedcolor>white</focusedcolor>
							<label>Hide Anime Button</label>
							<onclick>Skin.ToggleSetting(HomeMenuNoAnimeFaves)</onclick>
							<selected>Skin.HasSetting(HomeMenuNoAnimeFaves)</selected>
							<texturefocus>MenuItemFO.png</texturefocus>
							<texturenofocus>MenuItemNF.png</texturenofocus>
						</control>
						<control type="radiobutton" id="442">
							<description>Hide Audiobooks Section</description>
							<width>750</width>
							<height>40</height>
							<font>font13</font>
							<textcolor>grey2</textcolor>
							<focusedcolor>white</focusedcolor>
							<label>Hide Audiobooks Button</label>
							<onclick>Skin.ToggleSetting(HomeMenuNoAudiobooksFaves)</onclick>
							<selected>Skin.HasSetting(HomeMenuNoAudiobooksFaves)</selected>
							<texturefocus>MenuItemFO.png</texturefocus>
							<texturenofocus>MenuItemNF.png</texturenofocus>
						</control>
						<control type="radiobutton" id="443">
							<description>Hide Comics Section</description>
							<width>750</width>
							<height>40</height>
							<font>font13</font>
							<textcolor>grey2</textcolor>
							<focusedcolor>white</focusedcolor>
							<label>Hide Comics Button</label>
							<onclick>Skin.ToggleSetting(HomeMenuNoComicsFaves)</onclick>
							<selected>Skin.HasSetting(HomeMenuNoComicsFaves)</selected>
							<texturefocus>MenuItemFO.png</texturefocus>
							<texturenofocus>MenuItemNF.png</texturenofocus>
						</control>
						<control type="radiobutton" id="444">
							<description>Hide Documentary Section</description>
							<width>750</width>
							<height>40</height>
							<font>font13</font>
							<textcolor>grey2</textcolor>
							<focusedcolor>white</focusedcolor>
							<label>Hide Documentary Button</label>
							<onclick>Skin.ToggleSetting(HomeMenuNoDocumentaryFaves)</onclick>
							<selected>Skin.HasSetting(HomeMenuNoDocumentaryFaves)</selected>
							<texturefocus>MenuItemFO.png</texturefocus>
							<texturenofocus>MenuItemNF.png</texturenofocus>
						</control>
						<control type="radiobutton" id="445">
							<description>Hide Food Section</description>
							<width>750</width>
							<height>40</height>
							<font>font13</font>
							<textcolor>grey2</textcolor>
							<focusedcolor>white</focusedcolor>
							<label>Hide Food Button</label>
							<onclick>Skin.ToggleSetting(HomeMenuNoFoodFaves)</onclick>
							<selected>Skin.HasSetting(HomeMenuNoFoodFaves)</selected>
							<texturefocus>MenuItemFO.png</texturefocus>
							<texturenofocus>MenuItemNF.png</texturenofocus>
						</control>
						<control type="radiobutton" id="446">
							<description>Hide Gaming Section</description>
							<width>750</width>
							<height>40</height>
							<font>font13</font>
							<textcolor>grey2</textcolor>
							<focusedcolor>white</focusedcolor>
							<label>Hide Gaming Button</label>
							<onclick>Skin.ToggleSetting(HomeMenuNoGamingFaves)</onclick>
							<selected>Skin.HasSetting(HomeMenuNoGamingFaves)</selected>
							<texturefocus>MenuItemFO.png</texturefocus>
							<texturenofocus>MenuItemNF.png</texturenofocus>
						</control>
						<control type="radiobutton" id="447">
							<description>Hide How To Section</description>
							<width>750</width>
							<height>40</height>
							<font>font13</font>
							<textcolor>grey2</textcolor>
							<focusedcolor>white</focusedcolor>
							<label>Hide How To Button</label>
							<onclick>Skin.ToggleSetting(HomeMenuNoHowToFaves)</onclick>
							<selected>Skin.HasSetting(HomeMenuNoHowToFaves)</selected>
							<texturefocus>MenuItemFO.png</texturefocus>
							<texturenofocus>MenuItemNF.png</texturenofocus>
						</control>
						<control type="radiobutton" id="448">
							<description>Hide Kids Section</description>
							<width>750</width>
							<height>40</height>
							<font>font13</font>
							<textcolor>grey2</textcolor>
							<focusedcolor>white</focusedcolor>
							<label>Hide Kids Button</label>
							<onclick>Skin.ToggleSetting(HomeMenuNoKidsFaves)</onclick>
							<selected>Skin.HasSetting(HomeMenuNoKidsFaves)</selected>
							<texturefocus>MenuItemFO.png</texturefocus>
							<texturenofocus>MenuItemNF.png</texturenofocus>
						</control>
						<control type="radiobutton" id="449">
							<description>Hide Live TV Section</description>
							<width>750</width>
							<height>40</height>
							<font>font13</font>
							<textcolor>grey2</textcolor>
							<focusedcolor>white</focusedcolor>
							<label>Hide Live TV Button</label>
							<onclick>Skin.ToggleSetting(HomeMenuNoLiveTVFaves)</onclick>
							<selected>Skin.HasSetting(HomeMenuNoLiveTVFaves)</selected>
							<texturefocus>MenuItemFO.png</texturefocus>
							<texturenofocus>MenuItemNF.png</texturenofocus>
						</control>
						<control type="radiobutton" id="450">
							<description>Hide Movies Section</description>
							<width>750</width>
							<height>40</height>
							<font>font13</font>
							<textcolor>grey2</textcolor>
							<focusedcolor>white</focusedcolor>
							<label>Hide Movies Button</label>
							<onclick>Skin.ToggleSetting(HomeMenuNoMoviesFaves)</onclick>
							<selected>Skin.HasSetting(HomeMenuNoMoviesFaves)</selected>
							<texturefocus>MenuItemFO.png</texturefocus>
							<texturenofocus>MenuItemNF.png</texturenofocus>
						</control>
						<control type="radiobutton" id="451">
							<description>Hide Music Section</description>
							<width>750</width>
							<height>40</height>
							<font>font13</font>
							<textcolor>grey2</textcolor>
							<focusedcolor>white</focusedcolor>
							<label>Hide Music Button</label>
							<onclick>Skin.ToggleSetting(HomeMenuNoMusicFaves)</onclick>
							<selected>Skin.HasSetting(HomeMenuNoMusicFaves)</selected>
							<texturefocus>MenuItemFO.png</texturefocus>
							<texturenofocus>MenuItemNF.png</texturenofocus>
						</control>
						<control type="radiobutton" id="452">
							<description>Hide News And Weather Section</description>
							<width>750</width>
							<height>40</height>
							<font>font13</font>
							<textcolor>grey2</textcolor>
							<focusedcolor>white</focusedcolor>
							<label>Hide News And Weather Button</label>
							<onclick>Skin.ToggleSetting(HomeMenuNoNewsAndWeatherFaves)</onclick>
							<selected>Skin.HasSetting(HomeMenuNoNewsAndWeatherFaves)</selected>
							<texturefocus>MenuItemFO.png</texturefocus>
							<texturenofocus>MenuItemNF.png</texturenofocus>
						</control>
						<control type="radiobutton" id="453">
							<description>Hide Photos Section</description>
							<width>750</width>
							<height>40</height>
							<font>font13</font>
							<textcolor>grey2</textcolor>
							<focusedcolor>white</focusedcolor>
							<label>Hide Photos Button</label>
							<onclick>Skin.ToggleSetting(HomeMenuNoPhotosFaves)</onclick>
							<selected>Skin.HasSetting(HomeMenuNoPhotosFaves)</selected>
							<texturefocus>MenuItemFO.png</texturefocus>
							<texturenofocus>MenuItemNF.png</texturenofocus>
						</control>
						<control type="radiobutton" id="454">
							<description>Hide Podcasts Section</description>
							<width>750</width>
							<height>40</height>
							<font>font13</font>
							<textcolor>grey2</textcolor>
							<focusedcolor>white</focusedcolor>
							<label>Hide Podcasts Button</label>
							<onclick>Skin.ToggleSetting(HomeMenuNoPodcastsFaves)</onclick>
							<selected>Skin.HasSetting(HomeMenuNoPodcastsFaves)</selected>
							<texturefocus>MenuItemFO.png</texturefocus>
							<texturenofocus>MenuItemNF.png</texturenofocus>
						</control>
						<control type="radiobutton" id="455">
							<description>Hide Programs Section</description>
							<width>750</width>
							<height>40</height>
							<font>font13</font>
							<textcolor>grey2</textcolor>
							<focusedcolor>white</focusedcolor>
							<label>Hide Programs Button</label>
							<onclick>Skin.ToggleSetting(HomeMenuNoProgramsFaves)</onclick>
							<selected>Skin.HasSetting(HomeMenuNoProgramsFaves)</selected>
							<texturefocus>MenuItemFO.png</texturefocus>
							<texturenofocus>MenuItemNF.png</texturenofocus>
						</control>
						<control type="radiobutton" id="456">
							<description>Hide Radio Section</description>
							<width>750</width>
							<height>40</height>
							<font>font13</font>
							<textcolor>grey2</textcolor>
							<focusedcolor>white</focusedcolor>
							<label>Hide Radio Button</label>
							<onclick>Skin.ToggleSetting(HomeMenuNoRadioFaves)</onclick>
							<selected>Skin.HasSetting(HomeMenuNoRadioFaves)</selected>
							<texturefocus>MenuItemFO.png</texturefocus>
							<texturenofocus>MenuItemNF.png</texturenofocus>
						</control>
						<control type="radiobutton" id="457">
							<description>Hide Religion Section</description>
							<width>750</width>
							<height>40</height>
							<font>font13</font>
							<textcolor>grey2</textcolor>
							<focusedcolor>white</focusedcolor>
							<label>Hide Religion Button</label>
							<onclick>Skin.ToggleSetting(HomeMenuNoReligionFaves)</onclick>
							<selected>Skin.HasSetting(HomeMenuNoReligionFaves)</selected>
							<texturefocus>MenuItemFO.png</texturefocus>
							<texturenofocus>MenuItemNF.png</texturenofocus>
						</control>
						<control type="radiobutton" id="458">
							<description>Hide Sports Section</description>
							<width>750</width>
							<height>40</height>
							<font>font13</font>
							<textcolor>grey2</textcolor>
							<focusedcolor>white</focusedcolor>
							<label>Hide Sports Button</label>
							<onclick>Skin.ToggleSetting(HomeMenuNoSportsFaves)</onclick>
							<selected>Skin.HasSetting(HomeMenuNoSportsFaves)</selected>
							<texturefocus>MenuItemFO.png</texturefocus>
							<texturenofocus>MenuItemNF.png</texturenofocus>
						</control>
						<control type="radiobutton" id="460">
							<description>Hide Tech Section</description>
							<width>750</width>
							<height>40</height>
							<font>font13</font>
							<textcolor>grey2</textcolor>
							<focusedcolor>white</focusedcolor>
							<label>Hide Tech Button</label>
							<onclick>Skin.ToggleSetting(HomeMenuNoTechFaves)</onclick>
							<selected>Skin.HasSetting(HomeMenuNoTechFaves)</selected>
							<texturefocus>MenuItemFO.png</texturefocus>
							<texturenofocus>MenuItemNF.png</texturenofocus>
						</control>
						<control type="radiobutton" id="461">
							<description>Hide Trailers Section</description>
							<width>750</width>
							<height>40</height>
							<font>font13</font>
							<textcolor>grey2</textcolor>
							<focusedcolor>white</focusedcolor>
							<label>Hide Trailers Button</label>
							<onclick>Skin.ToggleSetting(HomeMenuNoTrailersFaves)</onclick>
							<selected>Skin.HasSetting(HomeMenuNoTrailersFaves)</selected>
							<texturefocus>MenuItemFO.png</texturefocus>
							<texturenofocus>MenuItemNF.png</texturenofocus>
						</control>
						<control type="radiobutton" id="462">
							<description>Hide TV Shows Section</description>
							<width>750</width>
							<height>40</height>
							<font>font13</font>
							<textcolor>grey2</textcolor>
							<focusedcolor>white</focusedcolor>
							<label>Hide TV Shows Button</label>
							<onclick>Skin.ToggleSetting(HomeMenuNoTVFaves)</onclick>
							<selected>Skin.HasSetting(HomeMenuNoTVFaves)</selected>
							<texturefocus>MenuItemFO.png</texturefocus>
							<texturenofocus>MenuItemNF.png</texturenofocus>
						</control>
						<control type="radiobutton" id="463">
							<description>Hide XXX Section</description>
							<width>750</width>
							<height>40</height>
							<font>font13</font>
							<textcolor>grey2</textcolor>
							<focusedcolor>white</focusedcolor>
							<label>Hide XXX Button</label>
							<onclick>Skin.ToggleSetting(HomeMenuNoAdultFaves)</onclick>
							<selected>Skin.HasSetting(HomeMenuNoAdultFaves)</selected>
							<texturefocus>MenuItemFO.png</texturefocus>
							<texturenofocus>MenuItemNF.png</texturenofocus>
						</control>
					</control>
				</control>
				<control type="group">
					<control type="grouplist" id="9020">
						<visible>Container(9000).Hasfocus(6)</visible>
						<left>290</left>
						<top>60</top>
						<width>750</width>
						<height>530</height>
						<itemgap>-1</itemgap>
						<pagecontrol>61</pagecontrol>
						<onleft>9000</onleft>
						<onright>61</onright>
						<onup>9004</onup>
						<ondown>9004</ondown>
<!--Android shortcuts-->
						<control type="label" id="470">
							<width>750</width>
							<height>45</height>
							<font>font13_title</font>
							<label>TotalXBMC Home Theme Customisation</label>
							<textcolor>blue</textcolor>
							<shadowcolor>black</shadowcolor>
							<align>left</align>
							<aligny>center</aligny>
						</control>
							<control type="radiobutton" id="471">
							<description>Enable/Disable TotalXBMC Theme (extra buttons on homepage)</description>
							<width>750</width>
							<height>40</height>
							<font>font13</font>
							<textcolor>grey2</textcolor>
							<focusedcolor>white</focusedcolor>
							<label>Enable/Disable TotalXBMC Buttons</label>
							<onclick>Skin.ToggleSetting(HomeMenuNoTotalXBMC)</onclick>
							<selected>!Skin.HasSetting(HomeMenuNoTotalXBMC)</selected>
							<texturefocus>MenuItemFO.png</texturefocus>
							<texturenofocus>MenuItemNF.png</texturenofocus>
						</control>
						<control type="radiobutton" id="472">
							<description>Enable/Disable Skin Artwork</description>
							<width>750</width>
							<height>40</height>
							<font>font13</font>
							<textcolor>grey2</textcolor>
							<focusedcolor>white</focusedcolor>
							<label>Enable/Disable Skin Artwork</label>
							<onclick>Skin.ToggleSetting(HomeMenuNoIcons)</onclick>
							<selected>!Skin.HasSetting(HomeMenuNoIcons)</selected>
							<texturefocus>MenuItemFO.png</texturefocus>
							<texturenofocus>MenuItemNF.png</texturenofocus>
						</control>
					</control>
				</control>
				<control type="scrollbar" id="61">
					<left>1060</left>
					<top>60</top>
					<width>25</width>
					<height>530</height>
					<texturesliderbackground border="0,14,0,14">ScrollBarV.png</texturesliderbackground>
					<texturesliderbar border="0,14,0,14">ScrollBarV_bar.png</texturesliderbar>
					<texturesliderbarfocus border="0,14,0,14">ScrollBarV_bar_focus.png</texturesliderbarfocus>
					<textureslidernib>ScrollBarNib.png</textureslidernib>
					<textureslidernibfocus>ScrollBarNib.png</textureslidernibfocus>
					<onleft>9004</onleft>
					<onright>9000</onright>
					<showonepage>false</showonepage>
					<orientation>vertical</orientation>
					<visible>Container(9000).Hasfocus(4)</visible>
				</control>
			</control>
		</control>
		<include>CommonNowPlaying</include>
		<include>MainWindowMouseButtons</include>
		<include>BehindDialogFadeOut</include>
		<include>Clock</include>
	</controls>
</window>
